{"49.0,14.0": {"temperature": 7.5, "wind_speed": 15.0}, "49.0,15.11111111111111": {"temperature": 7.2, "wind_speed": 18.2}, "49.0,16.22222222222222": {"temperature": 11.2, "wind_speed": 37.5}, "49.0,17.333333333333332": {"temperature": 13.3, "wind_speed": 6.4}, "49.0,18.444444444444443": {"temperature": 11.4, "wind_speed": 4.2}, "49.0,19.555555555555557": {"temperature": 7.7, "wind_speed": 5.4}, "49.0,20.666666666666668": {"temperature": 14.4, "wind_speed": 7.6}, "49.0,21.77777777777778": {"temperature": 16.7, "wind_speed": 6.1}, "49.0,22.88888888888889": {"temperature": 13.5, "wind_speed": 12.6}, "49.0,24.0": {"temperature": 16.0, "wind_speed": 4.7}, "49.55555555555556,14.0": {"temperature": 9.6, "wind_speed": 18.7}, "49.55555555555556,15.11111111111111": {"temperature": 8.6, "wind_speed": 24.7}, "49.55555555555556,16.22222222222222": {"temperature": 9.5, "wind_speed": 30.4}, "49.55555555555556,17.333333333333332": {"temperature": 17.7, "wind_speed": 15.9}, "49.55555555555556,18.444444444444443": {"temperature": 10.3, "wind_speed": 10.3}, "49.55555555555556,19.555555555555557": {"temperature": 12.4, "wind_speed": 10.1}, "49.55555555555556,20.666666666666668": {"temperature": 16.5, "wind_speed": 10.4}, "49.55555555555556,21.77777777777778": {"temperature": 14.9, "wind_speed": 7.9}, "49.55555555555556,22.88888888888889": {"temperature": 15.7, "wind_speed": 8.3}, "49.55555555555556,24.0": {"temperature": 16.8, "wind_speed": 10.4}, "50.111111111111114,14.0": {"temperature": 9.6, "wind_speed": 22.6}, "50.111111111111114,15.11111111111111": {"temperature": 11.8, "wind_speed": 23.1}, "50.111111111111114,16.22222222222222": {"temperature": 13.1, "wind_speed": 18.4}, "50.111111111111114,17.333333333333332": {"temperature": 12.5, "wind_speed": 18.1}, "50.111111111111114,18.444444444444443": {"temperature": 16.5, "wind_speed": 12.6}, "50.111111111111114,19.555555555555557": {"temperature": 15.8, "wind_speed": 12.2}, "50.111111111111114,20.666666666666668": {"temperature": 16.5, "wind_speed": 10.4}, "50.111111111111114,21.77777777777778": {"temperature": 17.3, "wind_speed": 5.8}, "50.111111111111114,22.88888888888889": {"temperature": 16.5, "wind_speed": 7.2}, "50.111111111111114,24.0": {"temperature": 15.1, "wind_speed": 5.8}, "50.666666666666664,14.0": {"temperature": 12.2, "wind_speed": 30.5}, "50.666666666666664,15.11111111111111": {"temperature": 10.1, "wind_speed": 32.6}, "50.666666666666664,16.22222222222222": {"temperature": 10.0, "wind_speed": 25.9}, "50.666666666666664,17.333333333333332": {"temperature": 18.2, "wind_speed": 16.6}, "50.666666666666664,18.444444444444443": {"temperature": 17.0, "wind_speed": 11.1}, "50.666666666666664,19.555555555555557": {"temperature": 16.8, "wind_speed": 8.6}, "50.666666666666664,20.666666666666668": {"temperature": 17.1, "wind_speed": 6.5}, "50.666666666666664,21.77777777777778": {"temperature": 17.5, "wind_speed": 8.3}, "50.666666666666664,22.88888888888889": {"temperature": 15.2, "wind_speed": 4.0}, "50.666666666666664,24.0": {"temperature": 16.5, "wind_speed": 10.1}, "51.22222222222222,14.0": {"temperature": 11.6, "wind_speed": 20.8}, "51.22222222222222,15.11111111111111": {"temperature": 11.4, "wind_speed": 16.4}, "51.22222222222222,16.22222222222222": {"temperature": 13.1, "wind_speed": 21.9}, "51.22222222222222,17.333333333333332": {"temperature": 16.5, "wind_speed": 19.1}, "51.22222222222222,18.444444444444443": {"temperature": 18.4, "wind_speed": 13.8}, "51.22222222222222,19.555555555555557": {"temperature": 18.0, "wind_speed": 9.0}, "51.22222222222222,20.666666666666668": {"temperature": 16.9, "wind_speed": 6.8}, "51.22222222222222,21.77777777777778": {"temperature": 18.1, "wind_speed": 7.2}, "51.22222222222222,22.88888888888889": {"temperature": 17.6, "wind_speed": 6.5}, "51.22222222222222,24.0": {"temperature": 19.1, "wind_speed": 7.9}, "51.77777777777778,14.0": {"temperature": 15.4, "wind_speed": 22.6}, "51.77777777777778,15.11111111111111": {"temperature": 13.1, "wind_speed": 13.8}, "51.77777777777778,16.22222222222222": {"temperature": 13.3, "wind_speed": 23.0}, "51.77777777777778,17.333333333333332": {"temperature": 16.0, "wind_speed": 22.2}, "51.77777777777778,18.444444444444443": {"temperature": 19.3, "wind_speed": 15.1}, "51.77777777777778,19.555555555555557": {"temperature": 18.0, "wind_speed": 9.7}, "51.77777777777778,20.666666666666668": {"temperature": 19.6, "wind_speed": 7.2}, "51.77777777777778,21.77777777777778": {"temperature": 19.5, "wind_speed": 9.0}, "51.77777777777778,22.88888888888889": {"temperature": 19.7, "wind_speed": 2.5}, "51.77777777777778,24.0": {"temperature": 22.7, "wind_speed": 8.3}, "52.333333333333336,14.0": {"temperature": 16.2, "wind_speed": 19.1}, "52.333333333333336,15.11111111111111": {"temperature": 14.2, "wind_speed": 21.7}, "52.333333333333336,16.22222222222222": {"temperature": 14.2, "wind_speed": 18.0}, "52.333333333333336,17.333333333333332": {"temperature": 16.0, "wind_speed": 21.6}, "52.333333333333336,18.444444444444443": {"temperature": 18.0, "wind_speed": 15.8}, "52.333333333333336,19.555555555555557": {"temperature": 19.9, "wind_speed": 10.1}, "52.333333333333336,20.666666666666668": {"temperature": 21.5, "wind_speed": 6.8}, "52.333333333333336,21.77777777777778": {"temperature": 19.6, "wind_speed": 6.5}, "52.333333333333336,22.88888888888889": {"temperature": 21.4, "wind_speed": 7.2}, "52.333333333333336,24.0": {"temperature": 24.9, "wind_speed": 11.5}, "52.888888888888886,14.0": {"temperature": 16.5, "wind_speed": 24.5}, "52.888888888888886,15.11111111111111": {"temperature": 15.7, "wind_speed": 23.4}, "52.888888888888886,16.22222222222222": {"temperature": 15.9, "wind_speed": 17.2}, "52.888888888888886,17.333333333333332": {"temperature": 16.2, "wind_speed": 23.7}, "52.888888888888886,18.444444444444443": {"temperature": 18.2, "wind_speed": 20.0}, "52.888888888888886,19.555555555555557": {"temperature": 18.2, "wind_speed": 10.1}, "52.888888888888886,20.666666666666668": {"temperature": 20.3, "wind_speed": 13.7}, "52.888888888888886,21.77777777777778": {"temperature": 21.6, "wind_speed": 5.8}, "52.888888888888886,22.88888888888889": {"temperature": 25.2, "wind_speed": 9.4}, "52.888888888888886,24.0": {"temperature": 25.6, "wind_speed": 9.7}, "53.44444444444444,14.0": {"temperature": 17.3, "wind_speed": 30.9}, "53.44444444444444,15.11111111111111": {"temperature": 16.3, "wind_speed": 30.1}, "53.44444444444444,16.22222222222222": {"temperature": 15.3, "wind_speed": 19.5}, "53.44444444444444,17.333333333333332": {"temperature": 15.9, "wind_speed": 18.4}, "53.44444444444444,18.444444444444443": {"temperature": 18.0, "wind_speed": 23.1}, "53.44444444444444,19.555555555555557": {"temperature": 17.2, "wind_speed": 14.0}, "53.44444444444444,20.666666666666668": {"temperature": 18.4, "wind_speed": 6.1}, "53.44444444444444,21.77777777777778": {"temperature": 22.8, "wind_speed": 7.2}, "53.44444444444444,22.88888888888889": {"temperature": 21.9, "wind_speed": 15.8}, "53.44444444444444,24.0": {"temperature": 24.4, "wind_speed": 16.6}, "54.0,14.0": {"temperature": 17.0, "wind_speed": 26.7}, "54.0,15.11111111111111": {"temperature": 16.6, "wind_speed": 28.8}, "54.0,16.22222222222222": {"temperature": 15.9, "wind_speed": 17.5}, "54.0,17.333333333333332": {"temperature": 15.7, "wind_speed": 23.8}, "54.0,18.444444444444443": {"temperature": 17.6, "wind_speed": 30.1}, "54.0,19.555555555555557": {"temperature": 18.8, "wind_speed": 16.9}, "54.0,20.666666666666668": {"temperature": 19.1, "wind_speed": 16.9}, "54.0,21.77777777777778": {"temperature": 21.9, "wind_speed": 13.7}, "54.0,22.88888888888889": {"temperature": 21.5, "wind_speed": 9.7}, "54.0,24.0": {"temperature": 24.2, "wind_speed": 10.1}, "fetch_time": "2024-09-15T13:21:46.186221"}